species,mhc,peptide_length,sequence,inequality,meas,job_id,model_name,seed_id,sample_id,original_iptm,original_ptm,actifptm,iptm,ptm,confidence_score,original_confidence_score,ranking_score,original_ranking_score,dG_separated,dG_cross,sc_value,nres_all,nres_int,total_score,binding_energy,iASA,iASA%,sasa_peptide,sasa_protein,sasa_complex,meas_log,dG_cross_iASA,global_rank_original_ranking_score
human,HLA-A*02:01,9,YLYPWSLGL,=,1.0,mhc_0,af3,55,1,0.93,0.93,0.9697,0.9321,0.9292,0.9616,0.9315,0.9866,0.9565,15.6095,-34.1696,0.7795,180,65,-245.406,-49.7791,846.8487984995327,59.48265305083493,1423.6903619208117,9659.529763874483,9389.522528796231,0.0,-0.5744464688015523,1
human,HLA-A*02:01,9,YIYTRSFQM,=,1.0,mhc_1,af3,55,1,0.94,0.93,0.9688,0.9375,0.9314,0.9613,0.9363,0.9863,0.9613,43.9455,-24.5536,0.7381,180,68,-205.2465,-68.4991,936.432410762156,60.487177960790895,1548.1502730531947,9621.919164287816,9297.2046158167,0.0,-0.4059306588235308,1
human,HLA-A*02:01,9,YLAGWGFVV,=,1.0,mhc_2,af3,55,4,0.94,0.93,0.9708,0.9407,0.931,0.9628,0.9388,0.9878,0.9638,-7.1329,-45.8248,0.781,180,67,-282.2743,-38.6919,866.027531448236,64.22459011787694,1348.4360583053017,9544.495493943654,9160.876489352484,0.0,-0.7135086407853096,1
human,HLA-A*02:01,9,QMDGAILVV,=,1.0,mhc_3,af3,3,3,0.94,0.93,0.966,0.9422,0.9337,0.9595,0.9405,0.9845,0.9655,-1.9138,-37.887,0.7778,180,67,-280.4289,-35.9732,842.6837854942005,63.5026833258434,1327.0050041354036,9594.319453187449,9235.956886334452,0.0,-0.5966204578410516,1
human,HLA-A*02:01,9,VLMGGVPGV,=,1.0,mhc_4,af3,55,1,0.96,0.94,0.9716,0.9599,0.9387,0.965,0.9557,0.99,0.9807,2.2041,-54.6089,0.8433,180,68,-250.667,-56.813,779.2240019376741,65.86612220549767,1183.0421707635223,9632.497942925109,9257.092109813284,0.0,-0.8290893432229708,1
human,HLA-A*02:01,9,IMLKANFSV,=,1.0,mhc_5,af3,2025,4,0.94,0.93,0.9668,0.9414,0.9326,0.96,0.9396,0.985,0.9646,1.2927,-46.4457,0.7748,180,67,-275.9236,-47.7384,871.8317395690374,61.77961288350309,1411.1965078399533,9564.781996897296,9232.315025599177,0.0,-0.7517965528139837,1
human,HLA-A*02:01,9,YLTSFVVPI,=,1.0,mhc_6,af3,3,3,0.94,0.93,0.9696,0.9449,0.9327,0.9622,0.9425,0.9872,0.9675,51.979,-38.0099,0.7711,180,71,-242.5841,-89.9889,886.2048097229399,62.89774571546951,1408.9611633012478,9555.02145043847,9191.572994293838,0.0,-0.6043125960657694,1
human,HLA-A*02:01,9,WLGHPFTPV,=,1.0,mhc_7,af3,2025,4,0.94,0.93,0.9703,0.9411,0.9312,0.9625,0.9391,0.9875,0.9641,-2.2358,-55.322,0.7693,180,71,-305.9674,-53.0862,897.0104538493024,60.37136719610194,1485.8210034163687,9521.089700379784,9212.88979609755,0.0,-0.916361556303665,1
human,HLA-A*02:01,9,ALLTGSYTI,=,1.0,mhc_8,af3,2025,4,0.95,0.94,0.9714,0.9481,0.9376,0.9646,0.946,0.9896,0.971,-6.5189,-48.6951,0.7934,180,68,-312.3391,-42.1762,816.8060704920254,63.867025497675215,1278.9167244398402,9571.727596605226,9217.032180061016,0.0,-0.7624450899435189,1
human,HLA-A*02:01,9,ILSDENYLL,=,1.0,mhc_9,af3,55,4,0.95,0.94,0.972,0.9529,0.9381,0.9652,0.9499,0.9902,0.9749,-17.3321,-57.2159,0.7878,180,68,-317.1287,-39.8838,915.0633137773711,62.30165111243464,1468.762540700524,9532.079782437982,9170.715695583764,0.0,-0.9183689192561448,1
human,HLA-A*02:01,9,VLWKSYPLV,=,1.0,mhc_10,af3,42,1,0.94,0.93,0.9671,0.9355,0.9291,0.9595,0.9342,0.9845,0.9592,68.1072,25.0572,0.7755,180,69,-221.2067,-43.05,897.8320561077107,62.52366667173246,1435.987529044948,9638.992294031556,9279.315710861085,0.0,0.4007634442099762,1
human,HLA-A*02:01,9,GLFPFHFTL,=,1.0,mhc_11,af3,3,3,0.95,0.94,0.9714,0.9477,0.9372,0.9646,0.9456,0.9896,0.9706,24.9631,-46.6325,0.7948,180,68,-247.2045,-71.5956,838.5643414640654,60.95310705073744,1375.753233983697,9534.812320847032,9233.4368719026,0.0,-0.7650553393641287,1
human,HLA-A*02:01,9,SLFGAAVSL,=,1.0,mhc_12,af3,42,2,0.94,0.93,0.9701,0.9402,0.9314,0.9624,0.9384,0.9874,0.9634,-7.1194,-50.7449,0.7904,180,68,-307.0432,-43.6255,804.6397350484185,65.57911883811498,1226.9755210263013,9564.695671951518,9182.391722880982,0.0,-0.7737966123830678,1
human,HLA-A*02:01,9,FMFDYIPPV,=,1.0,mhc_13,af3,42,1,0.93,0.93,0.9668,0.9294,0.9278,0.959,0.9291,0.984,0.9541,2.4042,-44.8736,0.7549,180,68,-282.0641,-47.2778,903.1403921963712,63.40253876787577,1424.4546192430485,9624.292352239192,9242.466187089498,0.0,-0.7077571477742806,1
human,HLA-A*02:01,9,ILNDEQLNL,=,1.0,mhc_14,af3,2025,4,0.95,0.94,0.971,0.9488,0.9376,0.9643,0.9466,0.9893,0.9716,114.976,-59.0198,0.7954,180,66,-145.3923,-173.9958,872.1696841293451,60.12519344577028,1450.589402121418,9531.489458624395,9237.739492487122,0.0,-0.981615136976361,1
human,HLA-A*02:01,9,YAAPQLFPV,=,1.0,mhc_15,af3,55,4,0.94,0.94,0.9706,0.941,0.9359,0.9637,0.94,0.9887,0.965,-8.5199,-50.1959,0.7116,180,69,-310.238,-41.676,814.6193850735472,60.54065600830455,1345.5740964580946,9509.74891793332,9226.08424424432,0.0,-0.8291271239795366,1
human,HLA-A*02:01,9,KLDSGAFTV,=,1.0,mhc_16,af3,55,1,0.94,0.93,0.9683,0.9431,0.9317,0.961,0.9408,0.986,0.9658,29.7933,-37.1319,0.7917,180,69,-232.1322,-66.9252,839.833599107963,63.46255801529048,1323.352895585482,9515.282031699584,9158.96772906914,0.0,-0.5850993272451065,1
human,HLA-A*02:01,9,YLQYSISTA,=,1.0,mhc_17,af3,2025,4,0.95,0.94,0.9712,0.9497,0.9371,0.9644,0.9472,0.9894,0.9722,26.1621,-37.088,0.7634,180,69,-276.0589,-63.2501,863.0931660537026,60.28206739696756,1431.7577404406002,9525.648447562133,9231.219855895328,0.0,-0.6152410094990485,1
human,HLA-A*02:01,9,VLAGIFAGV,=,1.0,mhc_18,af3,55,1,0.95,0.93,0.9699,0.9504,0.9334,0.9626,0.947,0.9876,0.972,2.0114,-49.2415,0.8144,180,67,-79.2342,-51.2529,789.7392656430811,64.82383552285238,1218.2853101382343,9553.457830025673,9192.264608877746,0.0,-0.7596202786032442,1
human,HLA-A*02:01,9,FQWHEAMFL,=,1.0,mhc_19,af3,42,1,0.92,0.93,0.9706,0.9248,0.9328,0.963,0.9264,0.988,0.9514,14.4733,-39.9181,0.7372,180,64,-271.3859,-54.3914,886.713120970976,58.9047947168454,1505.3326732287155,9650.842602340284,9382.749033627046,0.0,-0.6776714899336429,1
human,HLA-A*02:01,9,LLVQRVTSV,=,3.06876,mhc_20,af3,55,4,0.95,0.94,0.9709,0.9518,0.9377,0.9643,0.949,0.9893,0.974,0.0014,-53.9513,0.8059,180,69,-274.9327,-53.9527,858.9725459559313,59.29978290273223,1448.5256166365398,9499.667308939866,9230.247833664544,1.1212735712111888,-0.9098060289444028,1
human,HLA-A*02:01,9,YMPDVLEKL,=,2.0,mhc_21,af3,42,1,0.93,0.94,0.9704,0.9285,0.9368,0.9637,0.9302,0.9887,0.9552,24.3268,-27.4328,0.7065,180,69,-261.359,-51.7596,948.7453887147594,60.65909647886265,1564.0611940953663,9595.823142848652,9262.3935595145,0.6931471805599453,-0.45224544367487024,1
human,HLA-A*02:01,9,NQNDNEETV,=,7.0,mhc_22,af3,55,4,0.95,0.93,0.9698,0.947,0.9318,0.9622,0.944,0.9872,0.969,9.6199,-43.0329,0.7442,180,69,-297.738,-52.6528,877.4197183062715,64.30504345557699,1364.4648555636354,9572.637875519633,9182.263294470724,1.9459101490553132,-0.6691994544677954,1
human,HLA-A*02:01,9,ALMGAVTSL,=,6.04931602,mhc_23,af3,42,1,0.95,0.94,0.9707,0.9481,0.9353,0.9636,0.9455,0.9886,0.9705,4.9763,-45.1448,0.8037,180,69,-290.7675,-50.1211,797.1955232225682,63.555578158455816,1254.328174365769,9567.920206119035,9227.857334039669,1.7999452111061487,-0.7103200271020375,1
human,HLA-A*02:01,9,LQYDLWNVV,=,5.856694431,mhc_24,af3,55,4,0.95,0.93,0.9714,0.9505,0.9342,0.964,0.9472,0.989,0.9722,-6.0153,-56.6173,0.7724,180,69,-282.4436,-50.602,928.8805406513856,63.12272707193812,1471.5469114520076,9482.232753132495,9096.018583281731,1.7675853541571096,-0.8969400186952604,1
human,HLA-A*02:01,9,AAAWYLWEV,=,4.025356879,mhc_25,af3,42,1,0.94,0.93,0.9686,0.9372,0.9327,0.9614,0.9363,0.9864,0.9613,-0.3311,-52.8818,0.74,180,69,-280.5989,-52.5507,881.4607616472795,59.053203619021296,1492.65527969317,9674.98515686002,9404.718913258632,1.3926135725300277,-0.8954941774397915,1
human,HLA-A*02:01,9,FLPDTRFFV,=,1.265724,mhc_26,af3,55,4,0.95,0.93,0.9704,0.9477,0.9332,0.963,0.9448,0.988,0.9698,-13.4687,-52.0988,0.7877,180,66,-293.8973,-38.6301,931.3973876451772,61.04766450850006,1525.688812412296,9526.809250166369,9189.70328728831,0.2356442904757907,-0.853411844981325,1
human,HLA-A*02:01,9,RLVDAMVYT,=,5.113079,mhc_27,af3,55,1,0.93,0.93,0.9686,0.9276,0.9334,0.9616,0.9288,0.9866,0.9538,6.1142,-47.3775,0.81,180,69,-151.9401,-53.4917,947.154820553993,62.23159688818309,1521.983795877564,9579.068961887133,9206.74311665671,1.631801766790156,-0.7613094050137788,1
human,HLA-A*02:01,9,QLWTALISL,=,1.45,mhc_28,af3,2025,4,0.94,0.93,0.969,0.9406,0.934,0.962,0.9393,0.987,0.9643,4.6875,-38.3145,0.738,180,66,-271.9563,-43.002,891.399722850425,63.33144198051668,1407.5152798899726,9533.3259267683,9158.041760957422,0.371563556432483,-0.6049838563882234,1
human,HLA-A*02:01,9,YLNAWIPPV,=,1.421523,mhc_29,af3,55,1,0.96,0.94,0.9731,0.9586,0.9388,0.9662,0.9546,0.9912,0.9796,17.0901,-46.065,0.8105,180,69,-229.3558,-63.1551,889.7819637756866,64.27309632335543,1384.3770016917003,9643.477132544203,9248.290206684533,0.35172883206947386,-0.7167073415640159,1
human,HLA-A*02:01,9,YAMCLNTFV,=,3.344047277,mhc_30,af3,55,1,0.94,0.93,0.9707,0.9377,0.9349,0.9635,0.9371,0.9885,0.9621,7.0238,-34.3077,0.7377,180,68,-257.7092,-41.3315,861.7781618073059,62.02457068666934,1389.414150338527,9601.225867160105,9267.083693884018,1.2071818329813682,-0.5531307934933211,1
human,HLA-A*02:01,9,RLCLDVPPV,=,8.501989,mhc_31,af3,55,4,0.93,0.93,0.9669,0.9279,0.9321,0.9599,0.9287,0.9849,0.9537,1.4018,-45.1399,0.7503,180,70,-288.9779,-46.5417,875.0023722384558,62.14391601732483,1408.0258025492274,9490.36033104046,9148.381389112776,2.140300136122541,-0.7263768184067391,1
human,HLA-A*02:01,9,FLAADALVL,=,2.0,mhc_32,af3,2025,2,0.93,0.93,0.9705,0.9274,0.9339,0.9632,0.9287,0.9882,0.9537,27.3389,-37.646,0.7786,180,66,-242.2803,-64.9849,817.1263795966643,60.56755282163231,1349.1157253836072,9477.439278003323,9192.302244193605,0.6931471805599453,-0.6215539219632191,1
human,HLA-A*02:01,9,LLALQQLEV,=,9.036270411,mhc_33,af3,2025,4,0.92,0.93,0.969,0.9201,0.933,0.9618,0.9227,0.9868,0.9477,61.0844,-54.0918,0.7981,180,70,-198.014,-115.1762,873.4678627756202,57.937169645925465,1507.612242906741,9529.47570782877,9290.152225184269,2.2012465241207995,-0.9336286244318478,1
human,HLA-A*02:01,9,FQPCFYIEL,=,1.362437,mhc_34,af3,55,1,0.94,0.94,0.9704,0.9434,0.9375,0.9638,0.9422,0.9888,0.9672,57.4002,-26.1276,0.7336,180,64,-210.0094,-83.5278,899.0954017028234,59.763753427808055,1504.4158877820323,9678.5201818874,9384.745266263784,0.309275007954118,-0.4371813766945039,1
human,HLA-A*02:01,9,YLVSSLSEI,=,6.518139,mhc_35,af3,3,3,0.96,0.94,0.9722,0.9554,0.9401,0.9658,0.9523,0.9908,0.9773,16.2691,-35.8653,0.7712,180,70,-281.7347,-52.1344,858.6329979170305,60.6778746377914,1415.0676882513228,9513.495418810122,9211.297111227384,1.874588905747971,-0.591077064153832,1
human,HLA-A*02:01,9,ALYACVLAA,=,5.570391,mhc_36,af3,2025,4,0.93,0.93,0.9693,0.9346,0.9344,0.9623,0.9346,0.9873,0.9596,24.2247,-51.0635,0.7666,180,70,-273.1577,-75.2882,792.8185546146378,62.59047515930347,1266.676043913677,9480.466829475588,9161.505764159989,1.7174652489619993,-0.8158349951815296,1
human,HLA-A*02:01,9,TLFIGSHVV,=,5.554096506,mhc_37,af3,3,3,0.94,0.93,0.9671,0.9364,0.931,0.9599,0.9353,0.9849,0.9603,-4.2917,-58.5088,0.7953,180,69,-281.7429,-54.2171,827.40053750477,62.09847007698775,1332.4008409208548,9550.839198478225,9228.43896438954,1.7145357646789123,-0.9421939047365033,1
human,HLA-A*02:01,9,LMQWWSDYV,=,5.858309501,mhc_38,af3,55,4,0.94,0.93,0.9685,0.9369,0.9319,0.9612,0.9359,0.9862,0.9609,13.5349,-49.3137,0.7692,180,66,-272.3677,-62.8486,974.0128323291492,62.846712295514365,1549.8230484185067,9573.46210437698,9175.259488137188,1.767861080912236,-0.784666344487836,1
human,HLA-A*02:01,9,LLAKMLFYL,=,5.605196,mhc_39,af3,71,0,0.95,0.94,0.9699,0.9462,0.9357,0.9631,0.9441,0.9881,0.9691,21.6331,-41.0015,0.7687,180,66,-243.2628,-62.6346,919.8446043264656,59.36458934147824,1549.4836476258874,9487.92259353546,9197.717032508415,1.7236940246906065,-0.690672679703894,1
human,HLA-A*02:01,9,QIITLTAFV,=,33.891227,mhc_40,af3,3,3,0.93,0.93,0.9681,0.9338,0.9301,0.9605,0.9331,0.9855,0.9581,19.1579,-43.676,0.7681,180,67,-265.9448,-62.8339,834.9563231303191,60.90365752819563,1370.946109014507,9515.888298037456,9216.921760791323,3.523156190333877,-0.7171326283611127,1
human,HLA-A*02:01,9,ALNIALVAV,=,79.075776,mhc_41,af3,3,3,0.94,0.94,0.9704,0.9438,0.9394,0.9642,0.9429,0.9892,0.9679,-0.2392,-52.2191,0.7905,180,70,-276.2062,-51.9799,810.056406074541,62.29697842297545,1300.3141188879683,9547.501637810396,9227.702944549284,4.370406582611787,-0.8382284554067766,1
human,HLA-A*02:01,9,ILYNEYNFV,=,14.69379163,mhc_42,af3,42,4,0.92,0.93,0.966,0.9202,0.9272,0.9582,0.9216,0.9832,0.9466,90.9803,-35.7662,0.7953,180,69,-172.5383,-126.7465,919.629595399142,63.23068334095605,1454.404012115864,9484.712894895503,9099.857716213084,2.6874250664796,-0.5656462671317259,1
human,HLA-A*02:01,9,YLACLAAVI,=,68.000907,mhc_43,af3,55,4,0.94,0.94,0.9718,0.9439,0.9397,0.9654,0.9431,0.9904,0.9681,11.4654,-39.7766,0.7762,180,69,-270.5529,-51.242,840.1423764351875,61.506616358041335,1365.9382131258274,9511.44301984954,9197.096480104994,4.219521043322447,-0.6467044093021325,1
human,HLA-A*02:01,9,KILSDENYL,=,80.89711696,mhc_44,af3,55,1,0.94,0.94,0.9684,0.944,0.9354,0.9618,0.9423,0.9868,0.9673,59.4239,-52.6772,0.7742,180,64,-155.0616,-112.1011,894.1421876410459,60.88471123068978,1468.5824561985294,9626.773082624308,9307.071163540746,4.393178186346612,-0.8651958584546481,1
human,HLA-A*02:01,9,TLIPRLFAL,=,34.800339,mhc_45,af3,2025,0,0.95,0.94,0.97,0.9496,0.9362,0.9632,0.9469,0.9882,0.9719,15.0821,-58.1733,0.7669,180,69,-223.8592,-73.2554,849.612194874072,59.91058295578914,1418.1337469225448,9576.352016443494,9295.261373617896,3.549627128112292,-0.9710020689154174,1
human,HLA-A*02:01,9,YAIDLPVSV,=,15.79873413,mhc_46,af3,3,3,0.95,0.94,0.9711,0.9471,0.9352,0.9639,0.9447,0.9889,0.9697,-16.962,-46.1302,0.7069,180,68,-312.4661,-29.1682,853.7357282385701,65.0421910350625,1312.5875906891638,9603.228589181188,9208.344723393211,2.759929818468844,-0.7092350252335818,1
human,HLA-A*02:01,9,IMALKQAGL,=,45.0,mhc_47,af3,2025,4,0.93,0.93,0.9671,0.9283,0.9345,0.9606,0.9295,0.9856,0.9545,13.8289,-50.5993,0.8057,180,67,-238.6073,-64.4282,805.8877632959684,57.254652434141285,1407.549830510215,9562.682686496291,9358.45699041457,3.8066624897703196,-0.8837587488318651,1
human,HLA-A*02:01,9,KVEKYLPEV,=,16.878926,mhc_48,af3,42,2,0.94,0.93,0.9668,0.9401,0.9293,0.9593,0.9379,0.9843,0.9629,7.6332,-45.9408,0.7818,180,68,-306.4082,-53.574,939.8979503905013,61.14711932895675,1537.1091241994195,9601.93311113552,9259.246334553938,2.8260658615512,-0.75131585108449,1
human,HLA-A*02:01,9,LLWAARPRL,=,21.311293,mhc_49,af3,42,1,0.95,0.94,0.9705,0.9501,0.9396,0.9643,0.948,0.9893,0.973,25.5765,-50.0815,0.7568,180,67,-248.3758,-75.658,920.5284209816746,60.10990858424764,1531.408785444248,9617.290584469538,9307.642527950436,3.059237120008917,-0.8331654660530348,1
human,HLA-A*02:01,9,KLNKMTVEL,=,10.39655198,mhc_50,af3,71,4,0.95,0.93,0.9694,0.9478,0.933,0.9621,0.9448,0.9871,0.9698,5.2412,-46.1587,0.778,180,68,-223.0803,-51.3999,882.7620602855341,57.91275778767705,1524.2963623351611,9555.257489296848,9314.02973106094,2.3414742107910476,-0.7970385414769847,1
human,HLA-A*02:01,9,RLIQNSITI,=,84.186854,mhc_51,af3,2025,3,0.93,0.93,0.9667,0.9289,0.9303,0.9594,0.9292,0.9844,0.9542,13.8165,-45.2279,0.8111,180,70,-273.6232,-59.0444,938.1365835614496,63.269073314696165,1482.7727583352148,9546.217784184888,9152.717375397204,4.433038780792961,-0.7148500464838394,1
human,HLA-A*02:01,9,FLPRVFSAV,=,83.119699,mhc_52,af3,71,2,0.93,0.93,0.9704,0.9342,0.9347,0.9633,0.9343,0.9883,0.9593,37.4287,-43.3744,0.7448,180,72,-227.6414,-80.8031,857.9790023298856,59.01498652662516,1453.8324124547592,9522.351221106946,9260.225628901935,4.420281725513963,-0.7349726324250068,1
human,HLA-A*02:01,9,YLRLYIILA,=,16.70401471,mhc_53,af3,42,0,0.92,0.93,0.9674,0.9188,0.9311,0.9601,0.9213,0.9851,0.9463,12.8514,-29.6023,0.7371,180,68,-289.3393,-42.4537,887.1486118382154,56.79420130513396,1562.0408271469446,9511.239425129845,9298.983028600358,2.815649092327235,-0.5212204647611459,1
human,HLA-A*02:01,9,MVNHSTYYV,=,26.595034,mhc_54,af3,55,4,0.94,0.93,0.9656,0.9389,0.9271,0.9579,0.9365,0.9829,0.9615,-10.4565,-42.1984,0.7513,180,68,-294.8173,-31.7419,872.6418560263965,62.11684082013406,1404.83940346101,9522.80718911514,9182.362880523357,3.2807245066292596,-0.6793391203231016,1
human,HLA-A*02:01,9,FGGGPWWEV,=,13.0,mhc_55,af3,2025,4,0.94,0.93,0.9708,0.9352,0.9321,0.9631,0.9346,0.9881,0.9596,-10.6792,-47.6384,0.7446,180,66,-303.5449,-36.9592,831.8277373082819,60.173765603426745,1382.3760719753118,9513.47436329218,9232.194960650928,2.5649493574615367,-0.791680552517842,1
human,HLA-A*02:01,9,FMQALQLLL,=,13.193376,mhc_56,af3,55,1,0.94,0.94,0.9712,0.9434,0.9353,0.964,0.9418,0.989,0.9668,58.1343,-44.0037,0.8069,180,64,-184.4233,-102.138,878.7798937433963,58.87156882831823,1492.706770404067,9644.549349239474,9379.69633215675,2.5797148854576246,-0.7474524779240038,1
human,HLA-A*02:01,9,SILTLKMFL,=,12.03849,mhc_57,af3,55,4,0.94,0.94,0.9676,0.9399,0.936,0.9613,0.9391,0.9863,0.9641,86.8424,-41.66,0.7763,180,66,-200.7495,-128.5024,847.9219266511509,58.9790169378457,1437.6671071759688,9492.33586136149,9234.159115235156,2.488109016733129,-0.7063529058801178,1
human,HLA-A*02:01,9,LMDMITLSL,=,16.71420332,mhc_58,af3,2025,0,0.93,0.93,0.9677,0.9344,0.9334,0.9608,0.9342,0.9858,0.9592,61.8535,-26.0824,0.7839,180,64,-180.8156,-87.9359,883.2574257482065,60.77013432942708,1453.4399758937204,9637.365683474554,9324.29080787186,2.816258856157643,-0.4291976690163406,1
human,HLA-A*02:01,9,WLPSGGTLV,=,53.0,mhc_59,af3,2025,4,0.94,0.93,0.9687,0.9371,0.9347,0.9619,0.9366,0.9869,0.9616,11.294,-42.1169,0.7613,180,67,-267.1853,-53.4109,786.9683277579243,59.2318938583275,1328.62259923719,9489.946087511737,9244.632031233075,3.9702919135521215,-0.711051044572986,1
human,HLA-A*02:01,9,RLQTYLTDI,=,827.413135,mhc_60,af3,55,4,0.94,0.94,0.9697,0.945,0.9359,0.9629,0.9432,0.9879,0.9682,26.215,-44.7534,0.7945,180,69,-271.1,-70.9684,928.1680318500568,60.11884302948638,1543.888712886274,9511.298843290131,9198.851492476291,6.7183041289315195,-0.7444155234000408,1
human,HLA-A*02:01,9,GLLIVKTVL,=,582.854231,mhc_61,af3,55,1,0.93,0.94,0.9708,0.933,0.9356,0.9638,0.9335,0.9888,0.9585,130.3192,-34.6586,0.7891,180,68,-118.1079,-164.9778,815.3475767496329,56.40694984858507,1445.4736144008773,9515.815476146168,9330.59393704778,6.367937122497081,-0.6144384706678017,1
human,HLA-A*02:01,9,QLGQVMLLV,=,103.014363,mhc_62,af3,55,4,0.91,0.93,0.9663,0.9144,0.9299,0.959,0.9175,0.984,0.9425,29.3243,-38.8723,0.7733,180,69,-282.3987,-68.1966,865.8123815487515,60.1585645443656,1439.2171557056256,9491.704841684576,9199.2972342927,4.634868425109803,-0.646164021605478,1
human,HLA-A*02:01,9,AIIDILQQL,=,110.107084,mhc_63,af3,3,3,0.95,0.94,0.9693,0.9459,0.9365,0.9627,0.944,0.9877,0.969,6.9399,-38.4519,0.7739,180,68,-270.8718,-45.3918,891.8485033248726,61.91468501435544,1440.4474530042266,9559.740330085351,9216.490776439834,4.701453383166529,-0.6210465254096763,1
human,HLA-A*02:01,9,ELRRQVDQL,=,434.194381,mhc_64,af3,55,1,0.94,0.93,0.9695,0.9425,0.9324,0.9621,0.9405,0.9871,0.9655,3.2146,-43.9368,0.7999,180,69,-245.9323,-47.1514,905.0018844596598,60.42640120935826,1497.6928401281357,9650.13320691764,9337.822278126456,6.07349231631946,-0.7271126381955623,1
human,HLA-A*02:01,9,IIAIVFVFI,=,240.637229,mhc_65,af3,71,4,0.94,0.93,0.9612,0.9405,0.9312,0.9552,0.9386,0.9802,0.9636,-28.6537,-57.3891,0.7741,180,65,-317.6235,-28.7354,878.7280130096206,61.718540923587874,1423.7666669689274,9530.699573203836,9197.010214153524,5.4832905255688456,-0.9298518587964022,1
human,HLA-A*02:01,9,SLTPSPLDL,=,211.0,mhc_66,af3,42,1,0.9,0.93,0.9648,0.9038,0.9312,0.9581,0.9093,0.9831,0.9343,24.0436,-43.342,0.7659,180,71,-257.9134,-67.3856,817.1557156472163,61.48143548878006,1329.1096883974703,9569.92215060459,9264.720407707628,5.351858133476067,-0.7049607683267191,1
human,HLA-A*02:01,9,FHFNPLPNV,=,116.0,mhc_67,af3,71,4,0.93,0.92,0.966,0.9314,0.9203,0.9569,0.9292,0.9819,0.9542,30.1687,-17.445,0.7593,180,68,-235.0234,-47.6137,891.2635237203776,62.57984829922828,1424.202116084977,9549.220680921451,9190.895749565674,4.7535901911063645,-0.2787638588797143,1
human,HLA-A*02:01,9,LLCPAGHAV,=,678.7635818,mhc_68,af3,55,1,0.93,0.93,0.9694,0.9321,0.9337,0.9623,0.9324,0.9873,0.9574,-1.4359,-50.1179,0.8024,180,69,-146.3938,-48.682,792.1467435364575,62.60358158747984,1265.3377385917483,9617.951143399165,9298.995394917996,6.520272881066363,-0.8005596282054114,1
human,HLA-A*02:01,9,EVGIKSVVV,=,123.490982,mhc_69,af3,2025,4,0.9,0.92,0.9644,0.8996,0.9214,0.9558,0.904,0.9808,0.929,26.1947,-39.1983,0.7342,180,70,-267.1257,-65.393,782.9920358699419,57.98817639733442,1350.2615265996435,9499.459242174296,9283.736697034054,4.816168133159009,-0.6759705587465561,1
human,HLA-A*02:01,9,FLLQLNETI,=,329.9,mhc_70,af3,55,4,0.95,0.94,0.9724,0.9481,0.9394,0.9658,0.9464,0.9908,0.9714,16.9619,-46.9039,0.7623,180,70,-280.1337,-63.8658,940.6195623513896,63.38991697012815,1483.8630610521968,9565.81755328197,9168.441489631388,5.798789578234535,-0.7399268249886332,1
human,HLA-A*02:01,9,FANHNFTLV,=,119.178531,mhc_71,af3,55,1,0.95,0.94,0.9716,0.9458,0.9354,0.9644,0.9437,0.9894,0.9687,8.184,-34.8249,0.7655,180,68,-223.2389,-43.0089,830.3837458427861,60.10231065395896,1381.6170074121576,9612.648484186178,9333.497999912764,4.780622629349262,-0.5794269741226009,1
human,HLA-A*02:01,9,SIDHCSSFI,=,245.939793,mhc_72,af3,3,3,0.92,0.93,0.9686,0.9164,0.9339,0.9617,0.9199,0.9867,0.9449,25.719,-39.6885,0.7854,180,67,-219.0134,-65.4075,823.3381633269946,59.91149217863807,1374.2574811390905,9518.070915156522,9245.652069641625,5.505086762075247,-0.6624522033545887,1
human,HLA-A*02:01,9,YLEGHGFRF,=,173.009767,mhc_73,af3,42,3,0.94,0.93,0.9711,0.9428,0.9328,0.9634,0.9408,0.9884,0.9658,-0.393,-44.1996,0.7493,180,68,-263.078,-43.8066,906.4687849407072,60.14998886089118,1507.014052882199,9646.027883420647,9340.104366421432,5.153348049551561,-0.7348230787244262,1
human,HLA-A*02:01,9,FTPQFLLQL,=,291.7,mhc_74,af3,55,4,0.94,0.93,0.9684,0.9398,0.932,0.9611,0.9382,0.9861,0.9632,82.6447,-34.1344,0.7296,180,64,-211.951,-116.7791,927.9224973025556,63.28617031489212,1466.2326582340258,9557.854930390067,9168.242594018982,5.675725876873676,-0.539365865088027,1
human,HLA-A*02:01,9,AMISLAKKI,=,903.0,mhc_75,af3,42,2,0.93,0.93,0.9663,0.9271,0.9323,0.9595,0.9281,0.9845,0.9531,3.5526,-38.3209,0.7898,180,69,-309.0905,-41.8735,854.1746775096017,60.54333426559325,1410.8484243079238,9588.074226090212,9290.573295378932,6.805722553416985,-0.6329499434552575,1
human,HLA-A*02:01,9,LSIFNPCLI,=,315.8304,mhc_76,af3,71,4,0.88,0.92,0.9273,0.8802,0.92,0.9258,0.8882,0.9508,0.9132,224.0248,161.6343,0.6851,180,71,-62.8324,-62.3905,871.8620059143632,60.91126294894787,1431.3641906343414,9540.145873343698,9227.786052149311,5.755205360646397,2.6536028342651847,1
human,HLA-A*02:01,9,VLSDFKSWL,=,122.2,mhc_77,af3,55,4,0.94,0.93,0.9699,0.9407,0.9328,0.9625,0.9391,0.9875,0.9641,24.379,-50.8267,0.7982,180,67,-225.307,-75.2057,891.7745203367285,61.02982976854704,1461.210892638476,9526.73121116467,9204.393063129688,4.805659046737495,-0.8328173319958132,1
human,HLA-A*02:01,9,ALPGPDGVV,=,552.9666647,mhc_78,af3,42,1,0.94,0.93,0.9693,0.9381,0.9333,0.9621,0.9371,0.9871,0.9621,10.9359,-46.6772,0.7742,180,72,-300.9864,-57.6131,768.2945577540959,63.9555554147401,1201.2944814126715,9548.661699265109,9213.367065169588,6.315297718873546,-0.7298380836083258,1
human,HLA-A*02:01,9,AMHYIRHRA,=,107.8330755,mhc_79,af3,55,1,0.95,0.94,0.9699,0.9477,0.9387,0.9637,0.9459,0.9887,0.9709,2.9531,-39.0452,0.7234,180,68,-211.4904,-41.9983,863.6820460706258,56.09606455407473,1539.6481962439009,9598.492674959543,9410.776779062193,4.680584434234438,-0.6960416975840031,1
human,HLA-A*02:01,9,KLEGDSTDL,=,2000.713588,mhc_80,af3,42,4,0.92,0.93,0.9673,0.9231,0.9302,0.9599,0.9245,0.9849,0.9495,63.5361,-15.3468,0.7703,180,68,-206.8441,-78.8829,872.3207799802458,63.074542224146,1382.9997796580228,9525.116335401994,9163.474555099525,7.601259189906239,-0.24331211070010725,1
human,HLA-A*02:01,9,KTVKNVDII,=,8726.6547,mhc_81,af3,42,1,0.94,0.93,0.9681,0.9428,0.934,0.9613,0.941,0.9863,0.966,10.4159,-41.9986,0.7811,180,68,-290.7781,-52.4145,863.428564339375,59.19392741524696,1458.643820475707,9520.521293043865,9252.307984840822,9.074137379519058,-0.7095085903893269,1
human,HLA-A*02:01,9,RIKSVLDII,=,4698.0437,mhc_82,af3,2025,1,0.95,0.94,0.9684,0.9508,0.9365,0.962,0.9479,0.987,0.9729,14.2418,-46.3693,0.7812,180,69,-282.3876,-60.6111,918.2878172844156,62.05737474603114,1479.740032578714,9506.280220389915,9149.444618399795,8.454901467006163,-0.7472004768130405,1
human,HLA-A*02:01,9,FVAQRTLRV,=,1046.990782,mhc_83,af3,2025,4,0.94,0.93,0.9691,0.9369,0.9341,0.9621,0.9363,0.9871,0.9613,42.7714,-51.6296,0.7212,180,70,-235.693,-94.401,835.2664382867315,54.80472291450679,1524.0774770264131,9506.088524404711,9359.63312485766,6.953675406629296,-0.9420647939510641,1
human,HLA-A*02:01,9,VLSYKVDYL,=,1136.983979,mhc_84,af3,2025,4,0.93,0.93,0.9685,0.9339,0.9309,0.961,0.9333,0.986,0.9583,13.6655,-50.1016,0.8135,180,68,-228.1576,-63.7671,890.2939028304672,57.9151390023099,1537.2386532560313,9572.660883870738,9329.311731465836,7.036134403061992,-0.8650864154535092,1
human,HLA-A*02:01,9,SLIGLAMGD,=,7000.0,mhc_85,af3,42,0,0.91,0.93,0.9677,0.914,0.9313,0.9604,0.9175,0.9854,0.9425,-8.8144,-48.9329,0.7433,180,67,-299.7214,-40.1185,756.2439678812843,64.5120787292643,1172.2517438245764,9487.900738680144,9147.664546742151,8.85366542803745,-0.7585075688748936,1
human,HLA-A*02:01,9,AITDAAVAV,=,1475.25903,mhc_86,af3,3,3,0.94,0.93,0.9668,0.9358,0.9338,0.9602,0.9354,0.9852,0.9604,9.0235,-51.5279,0.7672,180,70,-272.4325,-60.5514,782.0026255332305,65.18937184152279,1199.586072763979,9575.340523941784,9210.921345639304,7.296588866914986,-0.7904340622466157,1
human,HLA-A*02:01,9,KMSEYKGPV,=,1515.833315,mhc_87,af3,2025,4,0.91,0.93,0.9661,0.9139,0.9325,0.9594,0.9176,0.9844,0.9426,-1.2219,-40.8146,0.7258,180,67,-302.271,-39.5927,849.7869415917176,59.06791621450726,1438.6607756835128,9493.928844819036,9233.015737319114,7.32372060962961,-0.690977481781824,1
human,HLA-A*02:01,9,TNAEFTFQL,=,5015.962367,mhc_88,af3,55,4,0.91,0.93,0.9616,0.9064,0.926,0.9545,0.9103,0.9795,0.9353,39.8386,-44.1589,0.7323,180,67,-209.5846,-83.9975,909.6371386813362,63.5672951328272,1430.9829241288337,9617.721490870992,9229.430137637151,8.520380579692905,-0.6946795503525462,1
human,HLA-A*02:01,9,FVYFVETLA,=,3625.795926,mhc_89,af3,55,4,0.93,0.93,0.9699,0.9269,0.9335,0.9626,0.9282,0.9876,0.9532,19.2367,-28.4096,0.6975,180,70,-267.0187,-47.6463,861.0318595153667,60.49279953093924,1423.3625591670448,9561.60317892332,9262.902019059631,8.195829108980837,-0.4696360595027482,1
human,HLA-A*02:01,9,KIKIKHKGM,=,8195.375982,mhc_90,af3,42,1,0.94,0.93,0.9642,0.9357,0.9296,0.9573,0.9345,0.9823,0.9595,33.4337,-17.176,0.7462,180,68,-239.692,-50.6097,882.3869253410485,56.45366510370228,1563.028589410718,9532.327439241037,9330.582177969658,9.011325369564183,-0.30424951096529573,1
human,HLA-A*02:01,9,KQIMECSRM,=,7573.461176,mhc_91,af3,55,1,0.94,0.94,0.9678,0.9361,0.9366,0.9616,0.9362,0.9866,0.9612,67.8211,-26.9377,0.7368,180,68,-191.2354,-94.7588,904.4281928097998,58.0057884501384,1559.203343278824,9574.99238194453,9325.339339603755,8.932405464658304,-0.4643967562505519,1
human,HLA-A*02:01,9,ELLRPTTVV,=,6708.337202,mhc_92,af3,42,2,0.92,0.93,0.9667,0.9176,0.9274,0.9588,0.9196,0.9838,0.9446,5.372,-51.645,0.7782,180,69,-313.8345,-57.017,887.0250786841079,61.69268623326533,1437.8123775161778,9541.055937764706,9204.818157912669,8.81110639031414,-0.8371332673815797,1
human,HLA-A*02:01,9,LLIHQGMHM,=,1588.022044,mhc_93,af3,71,0,0.94,0.94,0.9706,0.9352,0.9366,0.9638,0.9355,0.9888,0.9605,5.963,-38.3409,0.7864,180,69,-232.1976,-44.3039,903.5814438496772,58.14480058698507,1554.0193357407986,9461.553638528469,9208.410086569913,7.370244523322823,-0.6594037577382644,1
human,HLA-A*02:01,9,MASLLYLIL,=,9141.149721,mhc_94,af3,71,0,0.92,0.93,0.9619,0.9158,0.9286,0.9552,0.9184,0.9802,0.9434,-13.0977,-48.1537,0.7472,180,67,-267.2538,-35.056,891.2606900274986,61.84095947273728,1441.2142011160304,9473.415379087246,9132.10820014828,9.120541446581054,-0.7786700014127151,1
human,HLA-A*02:01,9,FTEGKINPL,=,1179.531908,mhc_95,af3,55,4,0.94,0.93,0.97,0.9437,0.931,0.9622,0.9412,0.9872,0.9662,4.7572,-37.7733,0.7499,180,68,-282.2308,-42.5305,856.2090820543008,61.896042459146784,1383.3018203375832,9544.039412355029,9214.923068584008,7.072872950622564,-0.6102700350338471,1
human,HLA-A*02:01,9,MAFILGIII,=,5868.426793,mhc_96,af3,3,3,0.91,0.93,0.9533,0.9095,0.9308,0.9488,0.9138,0.9738,0.9388,30.9282,-22.6392,0.7115,180,69,-249.8016,-53.5674,869.1405430196492,62.54346011625295,1389.658553275003,9567.81403852754,9219.191505763243,8.677341868894764,-0.36197549604577806,1
human,HLA-A*02:01,9,RMFLAMITY,=,9614.940159,mhc_97,af3,55,4,0.85,0.92,0.9573,0.8482,0.9199,0.9498,0.8625,0.9748,0.8875,23.5439,-19.069,0.7114,180,66,-275.7546,-42.6129,980.7563373736584,64.15274027443117,1528.783233854393,9510.660338065883,9077.93089717296,9.171073434290564,-0.2972437329789352,1
human,HLA-A*02:01,9,SMYPSCCCT,=,6430.577727,mhc_98,af3,3,3,0.92,0.94,0.9678,0.9197,0.9356,0.9614,0.9229,0.9864,0.9479,33.8336,-41.4984,0.7901,180,69,-259.5194,-75.332,816.5215261111571,64.13526877338377,1273.1240419312232,9548.784900273746,9188.865889982657,8.768819661873586,-0.6470449222974473,1
human,HLA-A*02:01,9,ALTDVEKRI,=,1151.107406,mhc_99,af3,42,2,0.94,0.93,0.9705,0.9443,0.932,0.9628,0.9418,0.9878,0.9668,7.3103,-44.6443,0.7871,180,70,-315.9981,-51.9546,877.16887696504,58.95121113876867,1487.957346457601,9541.062990915958,9274.68258344348,7.048479719746206,-0.7573092925081589,1
human,HLA-A*02:01,9,GLITSTVTG,=,12401.2,mhc_100,af3,2025,1,0.93,0.93,0.9696,0.9299,0.9302,0.9617,0.93,0.9867,0.955,3.284,-38.0892,0.7711,180,70,-268.6247,-41.3732,737.7976299337151,61.17460691085152,1206.0520977419476,9405.461180430806,9135.918018305323,9.425548521104357,-0.6226308908777558,1
human,HLA-A*02:01,9,RKSSFFVWV,=,16526.6,mhc_101,af3,42,1,0.9,0.92,0.9634,0.9002,0.9222,0.9552,0.9046,0.9802,0.9296,38.9625,-5.1619,0.7302,180,67,-259.7751,-44.1244,909.5713775780667,62.567209770268114,1453.7509038964597,9608.632219131685,9243.24036787201,9.712726483028304,-0.0825016812952546,1
human,HLA-A*02:01,9,GILPWTKIS,=,17221.3,mhc_102,af3,3,3,0.87,0.93,0.9655,0.8655,0.9295,0.9583,0.8783,0.9833,0.9033,298.3665,166.3268,0.6818,180,64,35.6279,-132.0397,807.3159282352453,61.63323526292568,1309.8710862593175,9433.103466415998,9128.342696204823,9.753902268744302,2.698654375199589,1
human,HLA-A*02:01,9,YGIPFPGSL,=,14257.0,mhc_103,af3,3,1,0.91,0.93,0.963,0.9087,0.9288,0.9562,0.9127,0.9812,0.9377,-7.4607,-37.3162,0.7034,180,66,-294.5178,-29.8555,755.1583599022242,59.57845698192726,1267.5023794780327,9516.572895344323,9273.758555017908,9.56500329315396,-0.6263371340973068,1
human,HLA-A*02:01,9,GASITPNNL,=,47771.97,mhc_104,af3,71,2,0.91,0.93,0.9623,0.9114,0.9262,0.9551,0.9144,0.9801,0.9394,29.7384,-41.3464,0.7228,180,71,-249.4192,-71.0848,830.638846453221,63.91657287195328,1299.5672470069294,9596.771896564318,9235.061450664803,10.7741943448052,-0.6468807406622217,1
human,HLA-A*02:01,9,SLYYTVATL,=,10521.11772,mhc_105,af3,55,4,0.93,0.93,0.9686,0.9311,0.933,0.9615,0.9315,0.9865,0.9565,10.1717,-44.6139,0.7902,180,71,-262.1997,-54.7856,858.187183624309,63.60241919120679,1349.2995935333165,9595.571919944325,9228.497146229023,9.261139727796161,-0.7014497336316414,1
human,HLA-A*02:01,9,AIKSNNHLT,=,27167.72745,mhc_106,af3,42,1,0.95,0.94,0.9701,0.9491,0.9371,0.9635,0.9467,0.9885,0.9717,29.0402,-33.0239,0.7862,180,69,-275.6349,-62.0641,822.6334330226573,60.60063204079327,1357.4667545858306,9540.790803212843,9252.99069175336,10.209785057037784,-0.5449431612820471,1
human,HLA-A*02:01,9,KINNNRIVA,=,47483.57353,mhc_107,af3,3,3,0.94,0.93,0.9657,0.9411,0.9342,0.9594,0.9397,0.9844,0.9647,15.2339,-38.8649,0.7495,180,67,-262.034,-54.0988,857.6390949190827,58.705688001381226,1460.9131144138948,9555.002754723464,9300.637679299194,10.768139109792008,-0.6620295464229222,1
human,HLA-A*02:01,9,NITDKINQI,=,43680.2,mhc_108,af3,71,4,0.95,0.93,0.969,0.9456,0.9334,0.9619,0.9432,0.9869,0.9682,17.4648,-34.0132,0.7811,180,68,-242.1577,-51.478,848.2094671781178,59.86847488820558,1416.7881656614904,9535.940808041249,9256.310039346505,10.684650189162882,-0.5681320605462891,1
human,HLA-A*02:01,9,GAMVEYVST,=,24763.40162,mhc_109,af3,71,0,0.78,0.92,0.8565,0.7805,0.9164,0.8685,0.8077,0.8935,0.8327,46.7762,-8.7069,0.694,180,60,-257.3891,-55.4831,739.2841890482223,60.130161685998594,1229.4731434596588,9501.808913959929,9252.713679323142,10.117122101045618,-0.14480087456720434,1
human,HLA-A*02:01,9,CFNPMIVEL,=,12301.39793,mhc_110,af3,2025,0,0.9,0.92,0.9617,0.8959,0.9216,0.9537,0.901,0.9787,0.926,3.7763,-44.9064,0.753,180,64,-256.6199,-48.6827,858.3187982338841,61.63149490068769,1392.6626307165996,9541.945095576406,9217.970129825237,9.417468187748042,-0.7286274667256031,1
human,HLA-A*02:01,9,LVNLIQAKT,=,44249.52034,mhc_111,af3,55,1,0.94,0.93,0.9669,0.9432,0.9348,0.9605,0.9415,0.9855,0.9665,3.5953,-44.1629,0.767,180,69,-286.5662,-47.7582,819.1861422474412,56.24206142836125,1456.5364807811782,9542.632568982772,9360.796765269068,10.697599810603313,-0.7852290417244544,1
human,HLA-A*02:01,9,EIFIRYGDA,=,30471.65747,mhc_112,af3,2025,4,0.9,0.92,0.949,0.895,0.9186,0.9429,0.8997,0.9679,0.9247,25.6352,-36.5114,0.701,180,67,-234.2263,-62.1466,868.2642762146033,60.83417210655836,1427.2640625300762,9479.20118824699,9169.93669834786,10.324552267284025,-0.6001791219587225,1
human,HLA-A*02:01,9,SHLENMKSL,=,15105.25366,mhc_113,af3,55,1,0.92,0.93,0.9581,0.9234,0.9261,0.9517,0.9239,0.9767,0.9489,163.9481,34.0523,0.7644,180,67,-96.8114,-129.8958,903.0336113336951,62.67483058964284,1440.823378121621,9597.601610463698,9232.35776591793,9.622797886794633,0.5433169851380057,1
human,HLA-A*02:01,9,ETQSGALEV,=,29326.14,mhc_114,af3,2025,4,0.93,0.93,0.9659,0.9291,0.9287,0.9585,0.929,0.9835,0.954,16.2165,-35.4954,0.7715,180,69,-279.186,-51.7119,805.8932701454578,60.47180846598287,1332.6759866935283,9512.074062267537,9232.963508670147,10.286234547446382,-0.5869743422667305,1
human,HLA-A*02:01,9,AALQGGGPP,=,65072.40079,mhc_115,af3,3,4,0.82,0.92,0.946,0.8192,0.919,0.9406,0.8392,0.9656,0.8642,14.1896,-32.0661,0.5455,180,63,-237.1372,-46.2557,683.6538107645374,61.40303652720186,1113.3876261342143,9529.07561017005,9275.155614775187,11.083255787305564,-0.5222233591948592,1
human,HLA-A*02:01,9,RLLPAALAC,=,20416.49823,mhc_116,af3,42,1,0.93,0.93,0.9678,0.9347,0.9328,0.9608,0.9343,0.9858,0.9593,8.1877,-47.802,0.7702,180,70,-285.1513,-55.9897,847.8592690340183,61.27848864845231,1383.6164822831877,9553.50276256039,9241.40070677554,9.924098589745649,-0.7800779858366712,1
human,HLA-A*02:01,9,EVLRPTTLV,=,13659.97856,mhc_117,af3,3,3,0.91,0.93,0.9644,0.9093,0.9256,0.9566,0.9126,0.9816,0.9376,39.0739,-35.4853,0.7461,180,70,-250.6705,-74.5592,892.5186620571712,61.65265916475787,1447.6563933309728,9525.270699341569,9187.889768558198,9.522225563577429,-0.5755680368168814,1
human,HLA-A*02:01,9,NASKTINAL,=,26750.40283,mhc_118,af3,3,3,0.94,0.93,0.9645,0.9376,0.9342,0.9584,0.9369,0.9834,0.9619,56.3569,-22.7537,0.722,180,69,-237.2523,-79.1106,802.0466257105991,61.43177963699876,1305.5891111244111,9580.349275495617,9281.84513519883,10.194304811276186,-0.3703897255533199,1
human,HLA-A*02:01,9,LSNCVHPAV,=,12182.95985,mhc_119,af3,71,0,0.95,0.94,0.9691,0.9454,0.9364,0.9626,0.9436,0.9876,0.9686,6.0031,-34.7865,0.7569,180,70,-286.8488,-40.7896,796.2130989065517,65.34697408416741,1218.4391244819126,9486.269399992118,9112.282326660928,9.407793520773174,-0.5323352838831483,1
human,HLA-A*02:01,9,GVATAHGST,=,152674.0,mhc_120,af3,2025,0,0.93,0.94,0.9667,0.9262,0.9363,0.9606,0.9282,0.9856,0.9532,22.8526,-14.2432,0.7438,180,75,-271.8472,-37.0958,718.9071729143643,62.8936765355834,1143.051595191176,9489.401081808024,9194.638331170472,11.936060208209069,-0.22646473834204325,1
human,HLA-A*02:01,9,RTRREAIVN,=,118588.0,mhc_121,af3,2025,0,0.88,0.93,0.9522,0.8796,0.9262,0.947,0.8889,0.972,0.9139,167.6037,7.1806,0.697,180,68,-79.7507,-160.4231,856.4914686292959,57.83083238077148,1481.0291212652094,9458.139789397295,9226.185973403914,11.683410579988227,0.12416559998170665,1
human,HLA-A*02:01,9,PTAWQSVGH,=,264292.0,mhc_122,af3,71,2,0.88,0.93,0.958,0.8831,0.9258,0.9516,0.8916,0.9766,0.9166,1.0183,-32.1514,0.683,180,67,-236.6405,-33.1697,823.1514896326144,58.94555054642336,1396.4607710031148,9616.749389272049,9366.907181009934,12.484809831500147,-0.5454423565809049,1
human,HLA-A*02:01,9,SVIEEWKKS,=,171221.0,mhc_123,af3,71,4,0.93,0.93,0.9667,0.9279,0.9335,0.9601,0.929,0.9851,0.954,61.0207,13.6692,0.7089,180,69,-233.3904,-47.3515,858.9053458309645,58.63214632557179,1464.9051751604768,9510.737928847542,9257.83241234609,12.050710398718621,0.23313490732708045,1
human,HLA-A*02:01,9,NVLDEKYNT,=,319072.0,mhc_124,af3,2025,4,0.92,0.93,0.9643,0.9211,0.9292,0.9573,0.9227,0.9823,0.9477,6.0599,-39.8168,0.7492,180,67,-294.3372,-45.8767,855.5283415298136,61.06586879562703,1400.992663173374,9477.453766740886,9167.389746854633,12.673172061628518,-0.6520303532118307,1
human,HLA-A*02:01,9,NNNTHHQDT,=,253423.0,mhc_125,af3,2025,4,0.94,0.93,0.9636,0.9382,0.9332,0.9575,0.9372,0.9825,0.9622,8.6286,-33.7064,0.7313,180,69,-303.843,-42.335,821.0530917572441,61.30512636402906,1339.2894533514886,9489.700795587358,9186.884065424358,12.442815308338231,-0.5498137268301484,1
human,HLA-A*02:01,9,KDFFSSHPL,=,248685.0,mhc_126,af3,2025,3,0.91,0.93,0.9616,0.9079,0.9266,0.9546,0.9116,0.9796,0.9366,12.2966,-24.0069,0.7667,180,67,-288.0192,-36.3035,864.8814445149646,60.2658579149804,1435.1101509831478,9554.63623222448,9259.983494177695,12.423942314341675,-0.3983499253236808,1
human,HLA-A*02:01,9,REPVNATED,=,382596.0,mhc_127,af3,2025,0,0.74,0.92,0.8904,0.7369,0.9162,0.8956,0.7728,0.9206,0.7978,24.6514,-22.2364,0.7141,180,68,-235.4939,-46.8878,801.8315980696307,56.984099702292326,1407.1146201461793,9427.561210199983,9231.012634206902,12.854734881150574,-0.3902211338982598,1
human,HLA-A*02:01,9,SLEEEYPPW,=,213739.0,mhc_128,af3,55,1,0.88,0.92,0.9686,0.8843,0.9247,0.9598,0.8924,0.9848,0.9174,45.8387,-13.4393,0.7853,180,56,-101.9891,-59.278,743.7743999545028,50.587449171734775,1470.2745683608794,9521.146568482238,9503.872336934111,12.272510923486488,-0.2656647097262432,1
human,HLA-A*02:01,9,IPLGVIHNS,=,184524.0,mhc_129,af3,55,4,0.95,0.94,0.9621,0.9466,0.9378,0.9572,0.9448,0.9822,0.9698,-5.2607,-41.8379,0.7727,180,66,-302.8389,-36.5772,838.3240533520529,63.51896251872905,1319.8012374727732,9508.1193840448,9151.272514813469,12.125534815303693,-0.658667873985879,1
human,HLA-A*02:01,9,VVAFLILPQ,=,1415090.0,mhc_130,af3,55,4,0.91,0.93,0.968,0.9053,0.9337,0.9611,0.911,0.9861,0.936,60.7252,-24.6567,0.74,180,68,-180.3557,-85.3819,859.2700207219577,63.87692354167318,1345.1963135973067,9534.399748717784,9161.056020871176,14.162703691277093,-0.3860032486366382,1
human,HLA-A*02:01,9,TNLEYKTLC,=,772619.0,mhc_131,af3,2025,1,0.89,0.92,0.9379,0.8905,0.9181,0.9339,0.896,0.9589,0.921,33.9248,-23.0787,0.6962,180,66,-243.8035,-57.0035,845.8725607837059,60.62209024255976,1395.320678319107,9462.47054818854,9166.046104940237,13.557541321197721,-0.38069785960296026,1
human,HLA-A*02:01,9,LRFANPLSN,=,163508.0,mhc_132,af3,3,0,0.88,0.92,0.9334,0.8829,0.9224,0.9312,0.8908,0.9562,0.9158,22.4957,-41.8443,0.7238,180,64,-255.9027,-64.34,811.7287346097391,61.763240262636565,1314.2586612328228,9526.205677105108,9217.006869118452,12.004617197786036,-0.6774952191961591,1
human,HLA-A*02:01,9,IALGVATAH,=,222586.0,mhc_133,af3,2025,4,0.9,0.93,0.9649,0.899,0.933,0.9585,0.9058,0.9835,0.9308,15.275,-36.7843,0.7436,180,67,-243.7849,-52.0593,792.0029713548365,65.18461783236175,1215.0151334654852,9493.118820810869,9124.12801156668,12.313068822763967,-0.5643095138580065,1
human,HLA-A*02:01,9,FKAALSSLA,=,109428.0,mhc_134,af3,3,4,0.92,0.93,0.9698,0.9222,0.9333,0.9625,0.9244,0.9875,0.9494,42.4522,-13.5539,0.7109,180,69,-182.5321,-56.0061,816.5920828797953,61.36533506668793,1330.705816227313,9496.445095362706,9193.966745830428,11.603022077721665,-0.220872256059068,1
human,HLA-A*02:01,9,LVCKDHLAS,=,184647.0,mhc_135,af3,42,1,0.92,0.93,0.9647,0.9199,0.9325,0.9583,0.9224,0.9833,0.9474,10.2159,-31.0373,0.778,180,70,-274.8123,-41.2532,814.6159662287764,59.24528427188961,1374.9887037258948,9502.231542849444,9247.988314117783,12.12620117319503,-0.5238779825506958,1
human,HLA-A*02:01,9,TIGEWAFWE,=,244572.0,mhc_136,af3,71,2,0.79,0.92,0.9569,0.7933,0.9193,0.9494,0.8185,0.9744,0.8435,52.8598,-20.0238,0.7469,180,66,-212.934,-72.8836,870.5629502946631,59.76659804395141,1456.6044894415186,9554.31604975447,9269.794638606663,12.407265023074379,-0.33503329042209856,1
human,HLA-A*02:01,9,ELDHLGLDD,=,513255.0,mhc_137,af3,2025,4,0.82,0.92,0.9348,0.8225,0.9215,0.9321,0.8423,0.9571,0.8673,42.6836,-20.0267,0.7584,180,66,-219.7845,-62.7103,809.6163376556033,60.81340454768461,1331.3123047086965,9467.035551094645,9179.115180492136,13.148528076674936,-0.3293139094736391,1
human,HLA-A*02:01,9,LTAGLSVQQ,=,297578.0,mhc_138,af3,42,4,0.91,0.93,0.965,0.9126,0.9295,0.9579,0.916,0.9829,0.941,33.6404,-30.3122,0.6754,180,66,-220.0138,-63.9526,828.7243645271337,63.05957094984651,1314.1928370972382,9430.093612840132,9086.837720883104,12.603431654477323,-0.4806915039765868,1
human,HLA-A*02:01,9,LIEWAMEKS,=,407550.0,mhc_139,af3,3,3,0.93,0.93,0.9637,0.9293,0.9296,0.9569,0.9294,0.9819,0.9544,39.7127,-29.9138,0.7703,180,69,-219.6605,-69.6265,845.3078937300115,57.61124891089911,1467.2618797717005,9389.676546997178,9166.322639308855,12.917918903522603,-0.5192354022087654,1
