job_id,model_name,iASA,iASA%,sasa_peptide,sasa_protein,sasa_complex
8c5l_C,af3,624.8501136603918,31.076443718556,2010.6873209796804,23673.27487441444,24434.261968073337
8ccz_C,af3,976.5862553932329,39.539938303670766,2469.8729873904977,25001.29204998534,25517.992526589373
8cd3_A,af3,502.1042746211415,41.98538726260254,1195.9024492990172,6495.055406187529,6686.749306244264
8cir_C,af3,648.3275152338138,41.53237511241028,1561.0171907555732,20376.30994687959,20640.67210716754
8cis_B,af3,602.9334583501386,40.29105931010365,1496.4447911622494,17475.190254776462,17765.768129238433
8ck5_B,af3,597.893946840808,38.73855867413357,1543.4078275091645,12022.106044645072,12369.725978472621
8ckc_B,af3,587.6733726510074,39.445600887986,1489.8324766805515,11990.015092620964,12304.5008239995
8cky_B,af3,338.0993010643979,26.279981648503302,1286.5279191838906,11933.399689817405,12543.7290068725
8cm9_E,af3,588.192830649441,47.62401120437799,1235.0762058349455,27747.027695919136,27805.7182404552
8cmc_C,af3,1095.9341475592391,53.11310331112955,2063.3969383024028,18837.48362967412,18709.012272858043
8cmd_C,af3,1088.6479376967618,49.01823807100372,2220.9038523984427,18818.017182964733,18861.62515996965
8cme_C,af3,1114.1588765937504,51.57481747722718,2160.276916318136,18568.817670859033,18500.77683398967
8cmg_C,af3,1107.7789396815078,48.04858973901437,2305.5389256971603,18508.649670253086,18598.63071658723
8cmi_C,af3,1061.9490882350947,46.80087501676507,2269.079558565266,18953.471079572115,19098.652461667192
8cob_F,af3,635.8611656581679,46.74732492783008,1360.2086678538922,12999.651009936215,13088.137346473772
8cqy_B,af3,483.61814372553,47.56484358838929,1016.7554589490599,5795.464740023002,5844.9839115210025
8fu4_C,af3,886.7295666217506,66.38715631387164,1335.6944563634936,19004.81760318136,18567.052926301352
8fua_C,af3,792.2856469622056,52.47311548192602,1509.8887109821078,17819.786136861694,17745.10355391939
8fub_B,af3,739.1565830380023,43.83261047545034,1686.3165917347935,18075.18056289463,18283.18398855342
8fuc_A,af3,450.2273522160267,45.69479738946652,985.2923701108526,18360.946543288894,18445.784208967692
8fuc_F,af3,569.8021254211926,51.494169959997336,1106.5371591848882,18360.946543288894,18327.879451631397
8fud_C,af3,334.46660811639504,39.37950471561242,849.3418353831968,8799.405084821516,8979.813703971922
8fym_C,af3,476.77799570263414,21.203051141278628,2248.629183251984,20024.81792690539,21319.891118752108
8fyu_C,af3,596.5407850094507,45.26623182879334,1317.8494451795696,7481.736184788895,7606.504059949562
8fzm_B,af3,1492.195557308647,43.646104886589264,3418.851604710184,17544.77886989201,17979.2393599849
8g8a_C,af3,639.6782298649123,36.86382095426572,1735.2466817222091,19618.158783121755,20074.04900511414
8g8c_C,af3,781.3614814455213,41.22015441855111,1895.5811603992197,19806.887218069118,20139.745415577294
8g8q_B,af3,740.1434755700375,49.218737501823284,1503.7839512698172,18377.961948078755,18401.458948208496
8g8q_C,af3,503.1138237957075,46.197180842083135,1089.0574156797854,18377.961948078755,18460.791716167125
8gck_C,af3,476.85871007369497,53.57765473040163,890.0328177356939,7493.1007597227845,7429.416157311089
8gjg_B,af3,1112.745207930745,40.2199658387086,2766.6488141564105,9081.681188821913,9622.839587116834
8gji_B,af3,1041.4106345606797,41.06857773096627,2535.7845148249235,9430.842464965717,9883.805710669281
8i3f_C,af3,484.2269891031774,47.061487119019816,1028.9241134232623,14921.5429757072,14982.013110924107
8i5e_P,af3,723.0778110034007,61.70543322957705,1171.8219501241754,18933.562746777734,18659.22907489511
8ia4_Q,af3,195.70557472584915,26.165864671402144,747.9423179152363,11610.26876053739,11966.799929000928
8ia5_B,af3,335.11107724541534,28.724343643001195,1166.6448550063442,5612.602380336142,6109.025080851656
8ia8_L,af3,669.2367989691766,60.37456412217557,1108.4747504178933,16035.636210218232,15805.637362697771
8ib1_C,af3,578.1446746649544,40.96140288802785,1411.4376801140615,19155.760439968053,19410.908770752205
8igc_B,af3,1117.2136095810802,45.603608202166214,2449.8359968104705,8225.104486367367,8440.513264015677
8in0_B,af3,645.0609949099044,43.74022870699763,1474.7545085577171,12034.225761809526,12218.858280547434
8isn_C,af3,956.1621049384048,66.02803677485679,1448.1153031987578,19515.250838954307,19051.041932276254
8ivz_C,af3,446.2613371790112,17.78289497920985,2509.4976813434455,11603.473860036911,13220.448867022335
8iya_D,af3,334.0740564123016,36.627456153418805,912.0864277688014,8931.624971737905,9175.563286682103
8j5u_B,af3,862.1740127351641,71.8110327333022,1200.6149750515046,21435.584349233748,20911.851298814923
8jbg_A,af3,763.1216091395154,63.54543185491966,1200.9071098640031,13795.4397435035,13470.103635088473
8jbh_A,af3,749.3117459884925,64.39446221511456,1163.62761674344,13699.259377389171,13364.263502155627
8jgb_L,af3,188.49829835693617,25.57382601113244,737.0750793208719,12098.961400354481,12459.03988296148
8jgf_L,af3,651.6218608799354,43.29351253007263,1505.1258786805631,12017.408954923627,12219.291111844319
8jgg_L,af3,571.6386947605497,38.67507314973978,1478.0545922882006,12557.570903997883,12892.348106764985
8jis_P,af3,1601.9853412145749,56.527048818976276,2834.01552829127,22092.59135924201,21722.636205104132
8jj9_C,af3,1023.825512973559,37.532806994836406,2727.814930320592,16261.636771195574,16941.800675569048
8jjv_B,af3,719.7583886991401,51.14070431348006,1407.408048757398,6063.3055323298095,6031.1968036889275
8jly_B,af3,677.8617621005583,53.76813055329103,1260.7129076743915,5964.760640364802,5869.750023838077
8jv0_C,af3,941.9965259398905,67.00330366763421,1405.8956415232997,19527.829751698227,19049.732341341747
8jyq_C,af3,600.2388512171065,45.611447759299864,1315.9828961901826,15970.653822771028,16086.159016526997
8jzd_B,af3,841.6476973391973,45.75468591957409,1839.478690376358,8652.71375983115,8808.897055529113
8jzw_E,af3,1128.9820170859648,55.46278785398605,2035.5666578791102,14628.789612431463,14406.392236138645
8oep_B,af3,611.17453691931,31.753279738968253,1924.7603458400063,5817.410629963652,6519.821901965039
8ofg_C,af3,286.2266747180338,24.69063158930708,1159.2521385398327,14029.514380452145,14616.31316955591
8og0_P,af3,342.69197070038354,42.42435143335748,807.7718553663763,18243.536951456666,18365.924865422276
8oio_F,af3,339.0741124557344,52.31824013805131,648.0992318568532,11696.406751964798,11666.357758910182
8okf_B,af3,422.38259914516675,37.7559002261999,1118.71944944929,11573.333821330169,11847.288072489126
8op0_B,af3,478.6970444298813,34.272244417714,1396.7484550923118,6509.450092008503,6948.804458241052
8opi_B,af3,472.2536446932195,33.85797765670372,1394.807597434029,6526.431648517481,6976.731956565071
8os1_C,af3,609.0886312818229,64.69536154729037,941.471871730089,14026.111032782663,13749.405641949106
8p0q_C,af3,588.5093556878292,63.94868835471612,920.2837006185874,24592.795794298247,24336.060783541176
8p43_P,af3,842.4391435522994,61.50224382298528,1369.7697696640037,19634.095698462555,19318.98718102196
8p6i_A,af3,589.5103795243595,49.41486263131571,1192.9819251400058,20001.977944906335,20015.93911099762
8p9o_P,af3,659.9681242976603,45.00198066556617,1466.5312827056148,32555.62937343288,32702.22440754317
8p9r_C,af3,629.6209486578582,48.41499665994687,1300.4667811507582,8201.96173498364,8243.186618818683
8p9w_B,af3,608.1869511875238,39.4551428698705,1541.4643236584486,11949.56529334655,12274.655714629951
8p9x_B,af3,627.8780248474613,41.02020167419116,1530.6556263045038,11977.138875816087,12252.038452425668
8pef_B,af3,590.7070218943054,32.42746189293462,1821.6258301208895,7009.878028107557,7650.089814439836
8pii_B,af3,476.28434093069336,33.725115937481235,1412.2541248297475,6335.081903183347,6794.767346151708
8pjg_C,af3,1428.9606985063656,66.12072752249841,2161.1388017776176,38067.346533288626,37370.563938053514
8pku_P,af3,464.3254216766827,38.359027706448565,1210.4723436423928,11532.598608463606,11814.420108752633
8pkv_P,af3,456.68201171407964,42.78179307258797,1067.468142205321,11346.657137622406,11500.761256399568
8pn5_I,af3,371.63553498565034,26.077358308475045,1425.1272333243592,15567.945612273817,16249.801775626876
8pwe_B,af3,596.0062462567766,39.768024010124,1498.7072179021202,12073.608035762487,12380.302761151053
8pwf_B,af3,518.0099416063313,36.954349403180146,1401.756356077949,12180.66941172117,12546.405884586457
8pwm_B,af3,600.4905384324429,39.9439967831644,1503.331130563123,12079.37701042547,12381.727064123708
8pxx_B,af3,698.9667072677139,23.73577499464353,2944.781484596354,8279.685945261785,9826.53401532271
8pz6_B,af3,570.0536296828659,39.790119760022904,1432.651203667897,11992.023829305792,12284.567773607958
8pz7_B,af3,570.5256996973558,36.66970089643608,1555.8504316919723,11942.305374502932,12357.104406800192
8pz8_B,af3,561.3887755789601,39.67967648775677,1414.8017959576298,12027.024708210238,12319.048953009948
8pz9_B,af3,555.9955000306072,43.28165232908694,1284.5986003564767,11984.618529350553,12157.226129645816
8pzb_B,af3,578.7214825102019,37.81439133746039,1530.426544078466,12176.580659146932,12549.564238204994
8q1h_C,af3,1117.960555687212,61.352215450824566,1822.2007917273781,38375.53013304387,37961.80981339682
8q1q_D,af3,476.6321645615453,36.10854782511669,1319.9981535397153,11976.011151055573,12342.744975472197
8q1r_E,af3,481.6170481837162,46.07132279192708,1045.3727373074435,11855.254724546547,11937.393365486558
8q26_E,af3,880.1166936890968,68.82494481824547,1278.7757346022283,17526.917324105747,17045.459671329783
8q2z_C,af3,934.8991852003583,67.50534579315034,1384.9261480195557,17817.7242086265,17332.85198624534
8q3s_C,af3,819.3634786870771,65.17376696037624,1257.1982822248501,17721.50568655487,17339.977011405565
8q3t_C,af3,852.432371481631,57.39957471369067,1485.0848211568943,17799.717246088847,17579.93732428248
8q5p_B,af3,1027.7765882392132,56.174101355078896,1829.6271118652942,14242.847776267165,14016.921711654033
8q5s_B,af3,1242.4445710340506,49.215743851311224,2524.486015669453,10806.56933826355,10846.166211864902
8q6d_B,af3,1230.0739539829665,48.791213498704,2521.0972750567885,10859.755363949602,10920.704731040458
8q6e_B,af3,1179.8622605384671,48.86509602495906,2414.5297083542478,10708.338543198433,10763.143730475747
8q7i_P,af3,704.0297579928256,41.53892762277203,1694.8674370853762,12888.542891491154,13175.35081259088
8q7k_C,af3,638.1169261333989,44.3219368028519,1439.7315915407812,7387.144886048989,7550.642625322973
8qlg_C,af3,627.7553871212131,65.4156751086465,959.640615309094,25305.433452844103,25009.56329391077
8qlk_B,af3,1082.0956040726342,74.88759650739539,1444.9597190180539,24837.696606785827,24118.465117658612
8qlm_C,af3,959.4536986230687,72.41369239215545,1324.9617122507152,25005.11778181574,24411.17209682032
8qlv_B,af3,919.7715703603826,62.70477348065779,1466.828630908139,25298.65191629203,24925.937406479403
8qm0_E,af3,1140.591307284205,73.63287978545763,1549.0244447962903,24286.049889765567,23553.891719993448
8qxw_B,af3,700.1759376748196,51.474699865942775,1360.2331621132525,18621.19639418824,18581.07768095185
8r10_C,af3,534.7938585209558,37.55405192285358,1424.064331645412,12149.964874079122,12504.441488682622
8r18_C,af3,568.2095477518687,34.94117389796862,1626.1890611090855,12535.106806743945,13024.876772349293
8r1n_C,af3,535.340027804742,38.31201786058633,1397.3161887551626,12659.719530823299,12986.355663968978
8r1p_C,af3,531.529157584645,37.2936854024139,1425.2524304027104,12523.313616547692,12885.507731781112
8r1t_D,af3,540.1574231050126,35.0195132459322,1542.4469760948386,12597.486814166412,13059.618944051224
8ral_C,af3,1016.2222769987147,55.32112052854262,1836.9517234821747,16624.381500139854,16428.8886696246
8rbu_C,af3,1015.7402559188704,67.89962410276767,1495.9438573349444,19243.788741462475,18708.252086959677
8rbv_C,af3,875.0749281390708,60.51794484983568,1445.9759502911256,19101.830362600525,18797.65645661351
8rcv_C,af3,920.5393667717271,60.58693030163775,1519.3695442048888,19516.862374390294,19195.153185051728
8ref_C,af3,886.8332519117594,61.962783341211946,1431.2353385228248,19328.907667757445,18986.47650245675
8rhq_G,af3,1009.9231252656573,66.56716393908884,1517.149094994899,19340.89550847546,18838.198352939045
8rlt_C,af3,1071.7668803083434,76.97692051479682,1392.322365120236,37561.661232707105,36810.449837210654
8rlu_C,af3,1084.5356876975857,77.24056292587427,1404.1012217096165,37954.66560874965,37189.695455064095
8rlv_C,af3,1064.697197195459,77.1066531504791,1380.811063239416,37373.53989378784,36624.95656263634
8rmo_F,af3,459.59230201476385,52.96660147068051,867.7020787697124,19236.27234438123,19184.78981912141
8rng_C,af3,911.3226690573865,69.59061833088086,1309.5481703070122,19100.96401900561,18587.866851197847
8rnh_C,af3,1003.5732618882703,67.86880121591324,1478.6960192439083,19422.73559922986,18894.28509469723
8roo_B,af3,964.2739764501039,68.68357536184617,1403.9367801836354,19304.13894882522,18779.527776108647
8rop_C,af3,898.2272561846748,69.55239756350271,1291.4396737575805,19198.32034553096,18693.30550691919
8rte_D,af3,641.5867845043958,72.3530602930589,886.7445024518827,16998.518856194452,16602.089789637543
8ru3_P,af3,632.806123763894,43.22784195567112,1463.8855310260876,22303.564834736342,22501.838118234642
8rxb_B,af3,501.5939106687565,44.29784443804164,1132.3212608467306,8768.50666093989,8897.640100449107
8rym_C,af3,1160.6855217030425,76.3306617098366,1520.6019385961472,38574.491280754795,37773.72217594486
8ryn_C,af3,1133.3664550141075,75.20678895033194,1507.0001935099308,39077.89381247805,38318.16109595976
8ryo_C,af3,1167.9534968512671,76.94086428528807,1517.9885327524096,38513.60840786799,37695.68994691787
8ryp_C,af3,1148.4444460852428,75.78943133553815,1515.3094908454998,38845.65561168728,38064.0762103623
8ryq_C,af3,1131.3422863748128,74.98367923600611,1508.7847087550729,38510.651376822854,37756.751512828305
8s6n_C,af3,415.17945995123637,36.87459121447495,1125.922881521354,6736.482415026856,7032.046376645737
8s6o_B,af3,395.6431365924295,40.832149793721214,968.9500518370156,6426.36188695649,6604.025665608647
8s6u_C,af3,846.3433004892486,42.579333832545736,1987.6856312917268,9002.325799244434,9297.324829557663
8s8o_C,af3,919.8459874946029,34.88886150528435,2636.503307381586,7862.001964120181,8658.81329651256
8sao_A,af3,697.5100476637272,39.880435798151176,1749.0030730708895,35763.127766605896,36117.11074434933
8sbk_C,af3,968.0473851205606,63.962309684571586,1513.4653359055676,19293.70951440675,18871.080080071195
8sbl_C,af3,980.4711752497333,65.30646552688147,1501.3385999984202,18960.068112964153,18500.464362463106
8sf8_B,af3,1001.8950495450081,41.384156389982365,2420.9628440983065,16339.262197627257,16756.434942635547
8sgf_Z,af3,482.70858239738027,59.993699038640415,804.5987997614216,14478.139193621479,14317.32082858814
8sm5_B,af3,778.570089320352,39.135963891647094,1989.3980163001033,8308.53078418609,8740.78862184549
8smo_B,af3,750.4271225266048,33.471181487712656,2242.0096607647033,4812.034833287871,5553.1902489993645
8sr6_B,af3,1190.169752047943,60.42046990665126,1969.8121412937332,22363.408528510656,21952.881165708503
8sud_B,af3,767.3710276640722,51.41753590748672,1492.4305766903506,18659.104978036517,18616.793499398722
8suv_I,af3,599.6246837614908,43.64381612731663,1373.9052561588128,7231.43638053896,7406.092269174791
8sz2_P,af3,362.54964705153816,39.50724000597441,917.6790051563012,10881.262883235495,11073.84259428872
8t0p_C,af3,715.5507134687186,36.97578033679415,1935.1875929354837,15433.80567176675,15937.891837764795
8t2n_D,af3,566.1106286839422,22.59354031137152,2505.6304628762136,7057.549713264377,8430.958918772707
8t31_B,af3,618.3247984129775,36.02955917983524,1716.1597657265731,7137.01309458443,7616.523263485049
8t32_B,af3,547.8371628829809,37.073556093796064,1477.7033028527217,7034.576464798224,7416.6054418849835
8t33_B,af3,541.9920030178241,43.347218461990735,1250.3501314463188,7108.277640651599,7274.64376606227
8t51_E,af3,856.3723945584225,45.43020036094943,1885.028874524923,19779.734861995927,19952.018947404005
8t59_E,af3,814.7345686797908,47.666431023630516,1709.2418106064792,20360.31845012025,20440.091123367147
8t5e_B,af3,1088.5948033189857,42.91915690454263,2536.3844069447855,7712.287520045787,8071.4823203526
8t5p_G,af3,343.54687434350126,43.02987950257287,798.391439425155,11678.189550523139,11789.487241261291
8t5q_G,af3,371.79948996675193,45.80784033767701,811.6503358944568,9203.218222424202,9271.269578385156
8t8g_B,af3,465.6259140943339,59.012559536428654,789.0285013089483,7813.5757503473405,7671.352423467621
8t8s_C,af3,910.5942304684013,37.51184164050467,2427.484737206708,29894.27200196102,30500.568278230927
8tbv_C,af3,878.3250272786172,58.69816720893035,1496.341485675874,19147.259664920628,18886.95109603927
8tbw_C,af3,839.0644006448038,58.02950557213834,1445.9271923344854,19550.132628671643,19317.93101971652
8tdx_E,af3,602.2572227631044,57.85541497686874,1040.9694978488942,19998.732834986535,19835.18788730922
8tee_C,af3,697.6049418641451,44.01649925494855,1584.8714769967012,22001.15509737938,22190.81669064779
8tfu_C,af3,796.5183774461057,51.946109782965934,1533.355203640867,9732.390936019698,9672.709384768354
8tg7_C,af3,814.1465671838741,52.78289605306441,1542.443912826203,9297.684393294818,9211.835171753271
8tg8_B,af3,536.0616836710387,34.804461717631405,1540.2096662781544,4606.11431382457,5074.200612760646
8tgc_C,af3,791.4873565228309,51.71395080648041,1530.5103249308258,9736.55735426057,9684.092966145736
8tgp_B,af3,406.1888258867921,47.439680970810635,856.2216641733273,13694.620145097528,13738.46415749727
8th1_H,af3,618.630003694273,34.081046042700876,1815.1731696238962,8664.233245241934,9242.146407477285
8th5_N,af3,600.2470411223912,53.58747502688161,1120.1256279033178,8204.131135533999,8123.762681192533
8th6_E,af3,786.1165463277457,40.66568818900647,1933.1199872335221,8159.704652857661,8520.591547435692
8th7_C,af3,963.4692496750504,41.39184231841703,2327.6790684099633,8052.641221091105,8453.381790150968
8ti7_H,af3,517.5180581941545,33.26102257867294,1555.9294876459644,6575.633350111531,7096.526721369187
8tmz_A,af3,649.7278666042475,37.43824827103713,1735.465457412675,19655.856224596886,20091.865948801067
8toq_E,af3,842.1983176015583,50.95145306860329,1652.9426873608202,25767.34950213392,25735.895554291623
8tor_E,af3,948.9638709831943,52.335478398226854,1813.2324381606218,25580.779117377453,25496.083813571688
8tos_E,af3,732.172473962075,48.08469544282812,1522.6725826570232,25381.32750161098,25439.655136343852
8tot_C,af3,1148.5694652585698,66.59565315035758,1724.6913438409645,25498.882007521323,24926.434420845148
8tq9_P,af3,919.4319844025504,63.99268209664828,1436.7767599019062,19045.546832828608,18643.459623925413
8tqa_P,af3,838.7556801109149,59.89685657625111,1400.3333865161105,19315.025633528985,19037.847659823266
8tuq_B,af3,1379.9075541690272,45.68455665210231,3020.51208393532,18554.80516762833,18815.502143225593
8tut_B,af3,712.9980050238519,48.271236145491194,1477.0659754286194,18198.387483454368,18249.457448835285
8tuv_B,af3,590.7008324167782,47.340052513356206,1247.7823767730756,18561.613781145777,18627.994493085298
8tx8_C,af3,871.2175242740241,43.945086073371705,1982.5140922910464,16060.700890218726,16300.779933961725
8u1z_B,af3,657.8986897491559,41.02428549016783,1603.6810437730417,8368.02969539516,8655.91335966989
8u26_S,af3,877.4759035233492,60.54418132881949,1449.3150031341888,15462.092578952615,15156.455775040107
8u2m_D,af3,658.7265619993359,68.5421946565495,961.0526264880721,16577.03490069057,16220.63440317997
8u2y_A,af3,488.63497683227706,40.17184761974715,1216.3617204205473,4508.674583262833,4747.766350018826
8u77_B,af3,1149.1054694909108,57.804842566112804,1987.905197002571,9033.223105877021,8722.91736389777
8u9g_C,af3,881.3130906778588,58.942022475098476,1495.2203091609072,19077.123510255886,18809.717638061076
8ui6_B,af3,308.5511687704475,39.54374916888476,780.2779838924146,22153.400628810392,22316.57627516191
8ujh_C,af3,516.9452994868279,46.93378398794379,1101.4353746112167,22031.76978559561,22099.314561233172
8umo_P,af3,1043.1324306444876,74.63224543673465,1397.6966987128174,30848.863855208343,30160.295692632186
8v5y_C,af3,570.4135410101835,67.33651406157853,847.1088071006266,12198.713647114624,11904.995372194884
8v8e_C,af3,405.68212477898123,31.86973011888074,1272.9386890497733,17509.339062778232,17970.913502270043
8vcx_C,af3,1285.158040356102,66.93013226602247,1920.1486637559226,36638.634730198435,35988.46731324215
8vcy_C,af3,1261.4497214722396,63.86639485388349,1975.138450132097,36203.747478029254,35655.98648521687
8vd2_C,af3,1249.3889889828242,69.5361077839225,1796.7485221709467,35861.98604019827,35159.956584403575
8vdd_C,af3,1070.8438299179907,57.610835148298655,1858.7542207320603,17890.307071568634,17607.37363246471
8vgc_P,af3,695.31794456836,48.51879631144129,1433.0898485303023,8728.335344886353,8770.789304279935
8vgd_P,af3,646.3980222781033,50.20094878083532,1287.6211266446658,8113.65219549408,8108.4772775825395
8vjp_B,af3,693.2144040033045,48.53225118852384,1428.3582298923425,8337.799724986364,8379.729146872098
8vju_C,af3,838.0418965715653,69.14304395060422,1212.0407906401435,27431.81828348383,26967.775280980844
8vjx_C,af3,576.2967479654126,67.58448628441175,852.7056720387242,27512.04414296829,27212.156319076188
8vjy_B,af3,824.0332542007545,64.44357343442765,1278.6895733508964,27525.299762146857,27155.922827096245
8vkz_E,af3,517.9753965816726,41.233794996675485,1256.1914241059667,23399.598874102267,23619.83950504489
8vmf_B,af3,717.1112946587491,34.69621747325877,2066.828452442819,17559.80269388978,18192.4085570151
8vpr_B,af3,598.4619914083505,53.326881019126034,1122.2520049385753,18957.253023908877,18882.58104603075
8vsj_P,af3,1244.5249313002532,62.127514250036995,2003.1783764783606,33126.874753508404,32641.00326738626
8vy8_C,af3,669.1305302834458,43.445290833056646,1540.168145851881,4911.323193735258,5113.2302790202475
8w6a_H,af3,701.0623762215514,26.040091889140115,2692.242328507012,6870.33164416551,8160.44922022942
8w6l_C,af3,868.1194450964485,62.007186501554955,1400.0303740191125,19352.55226233508,19016.343746161296
8wee_B,af3,651.9825950173508,44.395922121842396,1468.564147013361,25804.17333657291,25968.772293551567
8wef_C,af3,367.43881131187663,50.98340285303639,720.7027988521039,25695.470515837358,25681.29569206571
8wg8_E,af3,480.8776335806415,21.02656495938354,2287.000442105214,16430.607469965253,17755.852644909184
8wul_K,af3,887.5483838055334,75.11957951421044,1181.5140467308327,38314.738573876275,37721.15585299604
8wxq_C,af3,794.7125004211375,59.08056605283135,1345.1335244663792,11672.412214840308,11428.120738464411
8wxr_C,af3,559.265999373215,48.95288340532487,1142.457727653241,11848.698723916825,11872.624452823637
8wxt_C,af3,656.834859470242,56.00152443931052,1172.8874634155027,12039.688193841883,11898.9059383169
8wxu_D,af3,654.1618560258994,55.09646709585698,1187.3027264847797,11938.316070607647,11817.295085040627
8wxv_B,af3,572.2333836730895,55.19277125973502,1036.7904539168394,11528.746741712243,11421.070428282903
8wxw_P,af3,577.8284544709932,64.46139479985342,896.3945882106589,43535.558719759305,43276.296399027975
8wxx_C,af3,718.8432784075003,59.91418161372914,1199.788195459186,11885.352767482667,11647.454406126853
8wxz_P,af3,679.1995626367789,63.03569682064983,1077.4840239638315,42521.13017836337,42240.21507705364
8x8a_B,af3,809.899165542527,41.360639493278185,1958.139853408576,7088.9687137353785,7427.3102360589
8y74_C,af3,998.554639605507,62.52186730528339,1597.128624981302,18556.73914649707,18156.75849226736
8yhz_P,af3,572.9424094937658,42.398077019852686,1351.3405554348335,19227.774212539338,19433.22994898664
8ym2_B,af3,789.8347870770149,57.354987350246,1377.0987032980788,8608.694652359887,8406.123781503937
8zps_L,af3,1110.229371489113,45.485755876450575,2440.8286728371468,16931.932048509803,17152.301978368723
8zpt_L,af3,964.20463238517,39.10176507862972,2465.8851856079937,17069.95264484511,17607.428565682763
9atn_B,af3,740.5983088048079,38.42885795081139,1927.1931259387604,6282.568790265331,6728.565298594476
9ax9_C,af3,473.1508076221103,56.86216892158512,832.1012310919787,8305.321960335506,8191.1215761832655
9c66_B,af3,287.5577182108241,38.10618267320009,754.6222109858885,6473.085026449191,6652.591801013431
9ck0_B,af3,503.22045657778017,39.15436138535171,1285.2219746994601,13782.546249909465,14061.327311453364
9cwn_B,af3,503.5035339029082,40.883148659755115,1231.5674071321007,14097.023578564438,14321.583917890723
9dw6_C,af3,760.0232024026463,56.70481455641493,1340.3151184746553,25371.97157816068,25192.240291830043
9eyr_B,af3,575.7612869573686,44.15999636169497,1303.807369551308,12199.626542253025,12351.911337889596
9ez1_B,af3,613.1128035653337,40.63704301374684,1508.7534872011427,11925.804171181715,12208.33205125219
9ez2_B,af3,615.6721367305872,40.52647983669602,1519.1848372014458,12083.044188810385,12370.884752550657
9f7w_B,af3,526.9763259900064,31.99775780753943,1646.9164157053478,14062.588757023193,14655.552520748528
9f7x_B,af3,529.2049350171728,37.382817624636594,1415.6368316881715,13614.687363331557,13971.914324985382
9fj4_B,af3,1082.544343529546,52.780818484150146,2051.0184847827422,6559.040173520583,6444.969971244233
9g13_B,af3,837.5098430466851,42.645313654336945,1963.8965487161142,15579.074394245321,15867.951256868064
9gag_B,af3,544.6050418331515,43.46401700846185,1253.0020907343294,15218.13412542834,15381.926132496365
8j4g_C,af3,843.5179233564486,62.73824142790626,1344.5036139971369,18568.336908205583,18225.804675489824
8jqt_C,af3,764.7467741891996,59.968714934613295,1275.2428912692876,18727.983542152528,18473.732885043417
8kb0_C,af3,834.8727598454207,62.12593192881788,1343.839414436461,19177.696403744263,18851.790298489883
8kb1_C,af3,812.7918578452645,60.069117762822344,1353.0943821324329,19016.17981637657,18743.690482818474
8kcv_C,af3,817.8191809489435,58.717157550672475,1392.8112583501197,18646.46137130006,18403.634267752295
8ttt_B,af3,373.6588242576281,46.07764249880788,810.9330338836137,14192.468985733822,14256.084371102179
8ttu_B,af3,454.7899483003748,43.314972963850735,1049.9601342933486,14162.387105360718,14302.767343053318
8u51_B,af3,627.3117994377499,48.11996045337748,1303.6415523357307,13806.288846918751,13855.306800378981
8w5z_B,af3,680.1958411753967,63.018186356795034,1079.364355750066,29007.294282664723,28726.266956063995
8wo9_C,af3,1021.5726929338998,67.68224685588038,1509.3658091895088,18925.063088005754,18391.283511327463
8gjf_D,af3,757.4670192671074,42.59393140086569,1778.3449293241629,33334.805455221904,33598.21634601185
8skj_E,af3,706.19803455382,39.21737145166235,1800.727607214189,6706.747713716109,7095.079251822658
8tq7_P,af3,965.0214300667722,66.60334296309351,1448.9083987894023,19233.435786080518,18752.301324736374
8tq8_P,af3,918.1381591622012,64.84801969628728,1415.8306814336952,19152.032580444036,18731.586943553328
8v9q_F,af3,629.3764895858403,34.00291541534838,1850.948608076558,22760.785850743378,23352.981479648253
8wte_J,af3,885.6671071882956,74.40588839421753,1190.3185706161469,38473.91877495268,37892.90313119224
